{"threeImage":{"scenes":[{"sceneId":0,"sceneType":"360","showBackButton":true,"iconType":"arrow","scenename":"Foto 1","scenesrc":{"path":"images/image-9pMLEOl2.jpeg","mime":"image/jpeg","copyright":{"license":"U"},"width":1024,"height":512},"scenedescription":"<p>Paisaje</p>\n","cameraStartPosition":"-2.0943951023931953,0","interactions":[{"interactionpos":"-5.697580409572781,0.10125000000000002","action":{"library":"H5P.AdvancedText 1.1","params":{"text":"<p>foto 2 chiquitin</p>\n"},"subContentId":"9cebeabe-8719-4c9c-b4bc-63c72abda5f0","metadata":{"contentType":"Texto","license":"U","title":"Sin título Texto","authors":[],"changes":[]}},"label":{"labelPosition":"inherit","showLabel":"inherit"},"labelText":"foto 2"},{"interactionpos":"-5.4600804095727815,0.20749999999999985","action":{"library":"H5P.GoToScene 0.1","params":{"nextSceneId":1},"subContentId":"2c97aeb7-0694-43de-b759-26f63eb43cfd","metadata":{"contentType":"Ir a la escena","license":"U","title":"Sin título Ir a la escena","authors":[],"changes":[],"extraTitle":"Sin título Ir a la escena"}},"label":{"labelPosition":"inherit","showLabel":"inherit"},"labelText":"foto 2 ir"},{"interactionpos":"-4.435080409572782,0.15500000000000014","action":{"library":"H5P.GoToScene 0.1","params":{"nextSceneId":2},"subContentId":"d327558d-82bf-48dd-b1cd-d3613b457dc3","metadata":{"contentType":"Ir a la escena","license":"U","title":"Sin título Ir a la escena","authors":[],"changes":[],"extraTitle":"Sin título Ir a la escena"}},"label":{"labelPosition":"inherit","showLabel":"inherit"},"labelText":"Foto 3"},{"interactionpos":"-2.6925804095727823,0.14250000000000015","action":{"library":"H5P.GoToScene 0.1","params":{"nextSceneId":3},"subContentId":"f95fc3d8-7e4e-4ddf-a23e-d68ddb65c791","metadata":{"contentType":"Ir a la escena","license":"U","title":"Sin título Ir a la escena","authors":[],"changes":[],"extraTitle":"Sin título Ir a la escena"}},"label":{"labelPosition":"inherit","showLabel":"inherit"},"labelText":"Foto 4"}]},{"sceneId":1,"sceneType":"360","showBackButton":true,"iconType":"arrow","scenename":"Foto 2","scenesrc":{"path":"images/image-CYXuU3gy.jpeg","mime":"image/jpeg","copyright":{"license":"U"},"width":1600,"height":800},"scenedescription":"<p>Foto 2</p>\n","cameraStartPosition":"-2.0943951023931953,0","interactions":[{"interactionpos":"-1.8793951023931954,0.14000000000000004","action":{"library":"H5P.GoToScene 0.1","params":{"nextSceneId":0},"subContentId":"1da178aa-c794-4905-85ed-bfbdb9b2a39b","metadata":{"contentType":"Ir a la escena","license":"U","title":"Sin título Ir a la escena","authors":[],"changes":[],"extraTitle":"Sin título Ir a la escena"}},"label":{"labelPosition":"inherit","showLabel":"inherit"},"labelText":"regresar foto 1"}]},{"sceneId":2,"sceneType":"360","showBackButton":true,"iconType":"arrow","scenename":"Foto 3","scenesrc":{"path":"images/image-JSvjWCrs.jpeg","mime":"image/jpeg","copyright":{"license":"U"},"width":1024,"height":512},"scenedescription":"<p>Foto 3</p>\n","cameraStartPosition":"-2.0943951023931953,0","interactions":[{"interactionpos":"-3.5243951023931945,0.042500000000000066","action":{"library":"H5P.GoToScene 0.1","params":{"nextSceneId":0},"subContentId":"2a5100a0-8214-49f4-954e-9db30104eb79","metadata":{"contentType":"Ir a la escena","license":"U","title":"Sin título Ir a la escena","authors":[],"changes":[],"extraTitle":"Sin título Ir a la escena"}},"label":{"labelPosition":"inherit","showLabel":"inherit"},"labelText":"Regresar foto 1"}]},{"sceneId":3,"sceneType":"360","showBackButton":true,"iconType":"arrow","scenesrc":{"path":"images/image-xrncajAV.jpeg","mime":"image/jpeg","copyright":{"license":"U"},"width":1024,"height":365},"scenedescription":"<p>Foto 4</p>\n","scenename":"foto 4","cameraStartPosition":"-2.0943951023931953,0","interactions":[{"interactionpos":"-3.0638304095727817,-0.56625","action":{"library":"H5P.GoToScene 0.1","params":{"nextSceneId":0},"subContentId":"d28f3825-6754-4769-ae74-c27512932d40","metadata":{"contentType":"Ir a la escena","license":"U","title":"Sin título Ir a la escena","authors":[],"changes":[],"extraTitle":"Sin título Ir a la escena"}},"label":{"labelPosition":"inherit","showLabel":"inherit"},"labelText":"Regresar foto 1"}]}],"startSceneId":0},"behaviour":{"sceneRenderingQuality":"high","label":{"labelPosition":"right","showLabel":true}},"l10n":{"title":"Tour Virtual","playAudioTrack":"Reproducir Pista de Audio","pauseAudioTrack":"Pausar Pista de Audio","sceneDescription":"Descripción de Escena","resetCamera":"Reiniciar Cámara","submitDialog":"Diálogo de Envío","closeDialog":"Diálogo Cerrar","expandButtonAriaLabel":"Expandir la etiqueta visual","backgroundLoading":"Cargando imagen de fondo...","noContent":"Sin contenido"}}