{"embedTypes":["iframe"],"language":"en","defaultLanguage":"es","license":"U","extraTitle":"Ejercicio 1","title":"Ejercicio 1","mainLibrary":"H5P.ThreeImage","preloadedDependencies":[{"machineName":"H5P.AdvancedText","majorVersion":1,"minorVersion":1},{"machineName":"H5P.GoToScene","majorVersion":0,"minorVersion":1},{"machineName":"H5P.ThreeSixty","majorVersion":0,"minorVersion":3},{"machineName":"H5P.ThreeJS","majorVersion":1,"minorVersion":0},{"machineName":"H5P.ThreeImage","majorVersion":0,"minorVersion":5}]}