{"machineName":"H5P.ThreeImage","title":"Virtual Tour (360)","description":"Explore an interactive world in 3D.","license":"MIT","author":"Joubel AS","majorVersion":0,"minorVersion":5,"patchVersion":8,"runnable":1,"fullscreen":1,"embedTypes":["iframe"],"coreApi":{"majorVersion":1,"minorVersion":20},"preloadedJs":[{"path":"dist/h5p-three-image.js"}],"preloadedCss":[{"path":"dist/h5p-three-image.css"}],"preloadedDependencies":[{"machineName":"H5P.ThreeSixty","majorVersion":0,"minorVersion":3}],"editorDependencies":[{"machineName":"H5PEditor.ThreeImage","majorVersion":0,"minorVersion":5},{"machineName":"H5P.GoToScene","majorVersion":0,"minorVersion":1},{"machineName":"H5PEditor.RadioGroup","majorVersion":1,"minorVersion":1},{"machineName":"H5PEditor.ShowWhen","majorVersion":1,"minorVersion":0},{"machineName":"H5PEditor.AudioRecorder","majorVersion":1,"minorVersion":0}]}
